step,optimizer,split,loss
0,adamw,validation,9.040623474121094
0,adamw,train,9.032573699951172
1,adamw,train,8.952926635742188
2,adamw,train,8.898882865905762
3,adamw,train,8.818093299865723
4,adamw,train,8.767669677734375
5,adamw,train,8.70791244506836
6,adamw,train,8.65250015258789
7,adamw,train,8.601090431213379
8,adamw,train,8.544837951660156
9,adamw,train,8.513754844665527
10,adamw,train,8.496440887451172
11,adamw,train,8.442737579345703
12,adamw,train,8.418766021728516
13,adamw,train,8.380756378173828
14,adamw,train,8.352190017700195
15,adamw,train,8.311422348022461
16,adamw,train,8.283707618713379
17,adamw,train,8.255175590515137
18,adamw,train,8.20968246459961
19,adamw,train,8.147805213928223
20,adamw,train,8.143440246582031
21,adamw,train,8.100652694702148
22,adamw,train,8.085638046264648
23,adamw,train,8.029886245727539
24,adamw,train,7.984477996826172
25,adamw,train,7.980452537536621
26,adamw,train,7.940282344818115
27,adamw,train,7.863442420959473
28,adamw,train,7.860888957977295
29,adamw,train,7.846104621887207
30,adamw,train,7.773552894592285
31,adamw,train,7.748210906982422
32,adamw,train,7.722581386566162
33,adamw,train,7.69858455657959
34,adamw,train,7.651256561279297
35,adamw,train,7.620523452758789
36,adamw,train,7.566347122192383
37,adamw,train,7.533913612365723
38,adamw,train,7.4729790687561035
39,adamw,train,7.400371551513672
40,adamw,train,7.442229747772217
41,adamw,train,7.3710479736328125
42,adamw,train,7.389894008636475
43,adamw,train,7.3520073890686035
44,adamw,train,7.319403171539307
45,adamw,train,7.276819705963135
46,adamw,train,7.27488899230957
47,adamw,train,7.214900016784668
48,adamw,train,7.234025955200195
49,adamw,train,7.179444313049316
50,adamw,validation,6.829018950462341
50,adamw,train,7.160984992980957
51,adamw,train,7.120119094848633
52,adamw,train,7.034886360168457
53,adamw,train,7.093056678771973
54,adamw,train,7.010262966156006
55,adamw,train,7.013942241668701
56,adamw,train,6.905755519866943
57,adamw,train,6.928062438964844
58,adamw,train,6.943975448608398
59,adamw,train,6.873264312744141
60,adamw,train,6.876898765563965
61,adamw,train,6.7812323570251465
62,adamw,train,6.8706440925598145
63,adamw,train,6.8396501541137695
64,adamw,train,6.815742492675781
65,adamw,train,6.727477073669434
66,adamw,train,6.729738712310791
67,adamw,train,6.742302894592285
68,adamw,train,6.713034152984619
69,adamw,train,6.73043966293335
70,adamw,train,6.7004241943359375
71,adamw,train,6.594259262084961
72,adamw,train,6.556251525878906
73,adamw,train,6.651435852050781
74,adamw,train,6.665128707885742
75,adamw,train,6.588271617889404
76,adamw,train,6.525815010070801
77,adamw,train,6.469671249389648
78,adamw,train,6.507920742034912
79,adamw,train,6.519846439361572
80,adamw,train,6.481087684631348
81,adamw,train,6.430830001831055
82,adamw,train,6.441709518432617
83,adamw,train,6.405992031097412
84,adamw,train,6.465806007385254
85,adamw,train,6.353306293487549
86,adamw,train,6.255581855773926
87,adamw,train,6.350956916809082
88,adamw,train,6.307571887969971
89,adamw,train,6.300808906555176
90,adamw,train,6.3285627365112305
91,adamw,train,6.265258312225342
92,adamw,train,6.157657146453857
93,adamw,train,6.225480556488037
94,adamw,train,6.162803649902344
95,adamw,train,6.245532989501953
96,adamw,train,6.332269668579102
97,adamw,train,6.2699995040893555
98,adamw,train,6.207683563232422
99,adamw,train,6.134654998779297
100,adamw,validation,5.6872309923171995
100,adamw,train,6.258514404296875
101,adamw,train,6.147675514221191
102,adamw,train,6.090937614440918
103,adamw,train,6.07228946685791
104,adamw,train,6.185867786407471
105,adamw,train,6.161983489990234
106,adamw,train,6.1814799308776855
107,adamw,train,6.1960320472717285
108,adamw,train,6.089016914367676
109,adamw,train,6.112227916717529
110,adamw,train,6.109568119049072
111,adamw,train,6.084526538848877
112,adamw,train,6.065448760986328
113,adamw,train,5.989065170288086
114,adamw,train,6.232016563415527
115,adamw,train,6.059445381164551
116,adamw,train,6.0667524337768555
117,adamw,train,5.971996307373047
118,adamw,train,6.035201549530029
119,adamw,train,5.994032859802246
120,adamw,train,6.020318031311035
121,adamw,train,5.898073196411133
122,adamw,train,6.0438032150268555
123,adamw,train,5.975471019744873
124,adamw,train,6.056550979614258
125,adamw,train,5.897507667541504
126,adamw,train,5.867636680603027
127,adamw,train,5.980486869812012
128,adamw,train,5.888461589813232
129,adamw,train,6.006333351135254
130,adamw,train,5.993710517883301
131,adamw,train,6.03237247467041
132,adamw,train,5.978733062744141
133,adamw,train,6.141429424285889
134,adamw,train,5.86558723449707
135,adamw,train,5.865918159484863
136,adamw,train,6.02433443069458
137,adamw,train,5.853127479553223
138,adamw,train,5.946171760559082
139,adamw,train,5.9570159912109375
140,adamw,train,5.999992370605469
141,adamw,train,5.936761379241943
142,adamw,train,5.879472732543945
143,adamw,train,5.780269622802734
144,adamw,train,5.931856155395508
145,adamw,train,5.986830711364746
146,adamw,train,5.889272689819336
147,adamw,train,5.859947681427002
148,adamw,train,5.931308269500732
149,adamw,train,5.844409942626953
150,adamw,validation,5.328078317642212
150,adamw,train,5.92563533782959
151,adamw,train,5.892911911010742
152,adamw,train,5.8192548751831055
153,adamw,train,5.753910064697266
154,adamw,train,5.795385360717773
155,adamw,train,5.728586196899414
156,adamw,train,6.016444683074951
157,adamw,train,5.81732702255249
158,adamw,train,6.005440711975098
159,adamw,train,5.8251237869262695
160,adamw,train,5.7621917724609375
161,adamw,train,5.841357231140137
162,adamw,train,5.846930027008057
163,adamw,train,5.618856430053711
164,adamw,train,5.9087371826171875
165,adamw,train,5.777561664581299
166,adamw,train,5.789525985717773
167,adamw,train,5.710680961608887
168,adamw,train,5.835133075714111
169,adamw,train,5.809710502624512
170,adamw,train,5.748388767242432
171,adamw,train,5.735660552978516
172,adamw,train,5.880010604858398
173,adamw,train,5.689936637878418
174,adamw,train,5.698879241943359
175,adamw,train,5.667476654052734
176,adamw,train,5.850170135498047
177,adamw,train,5.662345886230469
178,adamw,train,5.697338581085205
179,adamw,train,5.615103244781494
180,adamw,train,5.712349891662598
181,adamw,train,5.745284080505371
182,adamw,train,5.739569187164307
183,adamw,train,5.649378776550293
184,adamw,train,5.863927841186523
185,adamw,train,5.7976884841918945
186,adamw,train,5.720705509185791
187,adamw,train,5.650987148284912
188,adamw,train,5.629256725311279
189,adamw,train,5.689867973327637
190,adamw,train,5.566763877868652
191,adamw,train,5.7018327713012695
192,adamw,train,5.6352972984313965
193,adamw,train,5.790037155151367
194,adamw,train,5.784034252166748
195,adamw,train,5.608199596405029
196,adamw,train,5.784475326538086
197,adamw,train,5.69649600982666
198,adamw,train,5.659479141235352
199,adamw,train,5.731815338134766
200,adamw,validation,5.1047913312911986
200,adamw,train,5.703930854797363
201,adamw,train,5.838403701782227
202,adamw,train,5.655491352081299
203,adamw,train,5.539480209350586
204,adamw,train,5.590924263000488
205,adamw,train,5.539554119110107
206,adamw,train,5.634984016418457
207,adamw,train,5.655926704406738
208,adamw,train,5.6440277099609375
209,adamw,train,5.6118011474609375
210,adamw,train,5.606576919555664
211,adamw,train,5.637997627258301
212,adamw,train,5.406714916229248
213,adamw,train,5.453681945800781
214,adamw,train,5.6103668212890625
215,adamw,train,5.5197625160217285
216,adamw,train,5.507678031921387
217,adamw,train,5.7081098556518555
218,adamw,train,5.492093086242676
219,adamw,train,5.691783905029297
220,adamw,train,5.556371688842773
221,adamw,train,5.50963020324707
222,adamw,train,5.544235706329346
223,adamw,train,5.542123794555664
224,adamw,train,5.674781799316406
225,adamw,train,5.502669334411621
226,adamw,train,5.651634216308594
227,adamw,train,5.577600479125977
228,adamw,train,5.510712146759033
229,adamw,train,5.59777307510376
230,adamw,train,5.649953842163086
231,adamw,train,5.611067771911621
232,adamw,train,5.641061305999756
233,adamw,train,5.575826644897461
234,adamw,train,5.517597198486328
235,adamw,train,5.42756986618042
236,adamw,train,5.445846080780029
237,adamw,train,5.620738983154297
238,adamw,train,5.592460632324219
239,adamw,train,5.527915000915527
240,adamw,train,5.49562406539917
241,adamw,train,5.49821138381958
242,adamw,train,5.501649856567383
243,adamw,train,5.51396369934082
244,adamw,train,5.608388423919678
245,adamw,train,5.616351127624512
246,adamw,train,5.46218204498291
247,adamw,train,5.612649917602539
248,adamw,train,5.374876499176025
249,adamw,train,5.405248641967773
250,adamw,validation,4.950089931488037
250,adamw,train,5.503391742706299
251,adamw,train,5.630230903625488
252,adamw,train,5.535954475402832
253,adamw,train,5.474712371826172
254,adamw,train,5.42930793762207
255,adamw,train,5.383790016174316
256,adamw,train,5.455781936645508
257,adamw,train,5.394741535186768
258,adamw,train,5.5097808837890625
259,adamw,train,5.572371959686279
260,adamw,train,5.494429588317871
261,adamw,train,5.450762748718262
262,adamw,train,5.583535671234131
263,adamw,train,5.45108699798584
264,adamw,train,5.347140312194824
265,adamw,train,5.5090837478637695
266,adamw,train,5.46327018737793
267,adamw,train,5.410154819488525
268,adamw,train,5.502326965332031
269,adamw,train,5.342594146728516
270,adamw,train,5.240943431854248
271,adamw,train,5.396017074584961
272,adamw,train,5.363582611083984
273,adamw,train,5.396130561828613
274,adamw,train,5.432369232177734
275,adamw,train,5.31516170501709
276,adamw,train,5.3845367431640625
277,adamw,train,5.420611381530762
278,adamw,train,5.382001876831055
279,adamw,train,5.448414325714111
280,adamw,train,5.423092842102051
281,adamw,train,5.286343574523926
282,adamw,train,5.374909400939941
283,adamw,train,5.335150241851807
284,adamw,train,5.4210405349731445
285,adamw,train,5.425798416137695
286,adamw,train,5.504483699798584
287,adamw,train,5.4241461753845215
288,adamw,train,5.528229236602783
289,adamw,train,5.329075813293457
290,adamw,train,5.492818832397461
291,adamw,train,5.282357692718506
292,adamw,train,5.298521995544434
293,adamw,train,5.435867786407471
294,adamw,train,5.521113395690918
295,adamw,train,5.512561798095703
296,adamw,train,5.369516372680664
297,adamw,train,5.527956962585449
298,adamw,train,5.473198890686035
299,adamw,train,5.3646159172058105
300,adamw,validation,4.844924283027649
300,adamw,train,5.511425018310547
301,adamw,train,5.471345901489258
302,adamw,train,5.414584636688232
303,adamw,train,5.393709659576416
304,adamw,train,5.10251522064209
305,adamw,train,5.370298385620117
306,adamw,train,5.314262390136719
307,adamw,train,5.433700084686279
308,adamw,train,5.1261115074157715
309,adamw,train,5.150096893310547
310,adamw,train,5.293975830078125
311,adamw,train,5.335415840148926
312,adamw,train,5.273435592651367
313,adamw,train,5.428338050842285
314,adamw,train,5.406076908111572
315,adamw,train,5.262979507446289
316,adamw,train,5.365480422973633
317,adamw,train,5.127823829650879
318,adamw,train,5.352556228637695
319,adamw,train,5.336981773376465
320,adamw,train,5.263363838195801
321,adamw,train,5.3046345710754395
322,adamw,train,5.368955135345459
323,adamw,train,5.398714065551758
324,adamw,train,5.37143611907959
325,adamw,train,5.339962005615234
326,adamw,train,5.323386192321777
327,adamw,train,5.435694694519043
328,adamw,train,5.414277076721191
329,adamw,train,5.454850673675537
330,adamw,train,5.409454345703125
331,adamw,train,5.339690685272217
332,adamw,train,5.266559600830078
333,adamw,train,5.437169075012207
334,adamw,train,5.130895137786865
335,adamw,train,5.245817184448242
336,adamw,train,5.214845657348633
337,adamw,train,5.193387031555176
338,adamw,train,5.269436836242676
339,adamw,train,5.305615425109863
340,adamw,train,5.272654056549072
341,adamw,train,5.4002685546875
342,adamw,train,5.286290168762207
343,adamw,train,5.290358543395996
344,adamw,train,5.252182960510254
345,adamw,train,5.2251763343811035
346,adamw,train,5.146496295928955
347,adamw,train,5.149440765380859
348,adamw,train,5.172430992126465
349,adamw,train,5.368812561035156
350,adamw,validation,4.747511029243469
350,adamw,train,5.346543312072754
351,adamw,train,5.220730781555176
352,adamw,train,5.263345718383789
353,adamw,train,5.110902786254883
354,adamw,train,5.270618915557861
355,adamw,train,5.232207298278809
356,adamw,train,5.179437160491943
357,adamw,train,5.20025634765625
358,adamw,train,5.4094953536987305
359,adamw,train,5.242462158203125
360,adamw,train,5.152462959289551
361,adamw,train,5.194860458374023
362,adamw,train,5.3062334060668945
363,adamw,train,5.148077964782715
364,adamw,train,5.344065189361572
365,adamw,train,5.247668266296387
366,adamw,train,5.224311828613281
367,adamw,train,5.11358118057251
368,adamw,train,5.378617286682129
369,adamw,train,5.207998752593994
370,adamw,train,5.089960098266602
371,adamw,train,5.343492031097412
372,adamw,train,5.140560150146484
373,adamw,train,5.164411544799805
374,adamw,train,5.180325031280518
375,adamw,train,5.126778602600098
376,adamw,train,5.25871467590332
377,adamw,train,5.289050579071045
378,adamw,train,5.274736404418945
379,adamw,train,5.213531970977783
380,adamw,train,5.170382499694824
381,adamw,train,5.292201042175293
382,adamw,train,5.111846923828125
383,adamw,train,5.181602954864502
384,adamw,train,5.1182541847229
385,adamw,train,5.185789585113525
386,adamw,train,5.229204177856445
387,adamw,train,5.263736724853516
388,adamw,train,5.257561206817627
389,adamw,train,5.182468414306641
390,adamw,train,5.187892436981201
391,adamw,train,5.208048343658447
392,adamw,train,5.059038162231445
393,adamw,train,5.228116035461426
394,adamw,train,5.24445915222168
395,adamw,train,5.027124881744385
396,adamw,train,5.177280426025391
397,adamw,train,5.241240501403809
398,adamw,train,5.070249557495117
399,adamw,train,5.294222831726074
400,adamw,validation,4.670950627326965
400,adamw,train,5.083199501037598
401,adamw,train,5.201724052429199
402,adamw,train,5.291485786437988
403,adamw,train,5.18408203125
404,adamw,train,5.091044902801514
405,adamw,train,5.331783771514893
406,adamw,train,5.1386284828186035
407,adamw,train,5.119987964630127
408,adamw,train,5.225075721740723
409,adamw,train,5.203558921813965
410,adamw,train,5.28236722946167
411,adamw,train,5.0760297775268555
412,adamw,train,5.17227029800415
413,adamw,train,5.210842132568359
414,adamw,train,5.244301795959473
415,adamw,train,5.085631370544434
416,adamw,train,5.118818283081055
417,adamw,train,5.267551898956299
418,adamw,train,5.058825492858887
419,adamw,train,5.124486446380615
420,adamw,train,5.272355079650879
421,adamw,train,5.257936000823975
422,adamw,train,5.064518928527832
423,adamw,train,5.0325517654418945
424,adamw,train,5.115662097930908
425,adamw,train,5.201567649841309
426,adamw,train,5.1147871017456055
427,adamw,train,5.156007289886475
428,adamw,train,5.2386474609375
429,adamw,train,5.206873893737793
430,adamw,train,5.063930511474609
431,adamw,train,5.1305646896362305
432,adamw,train,5.186688423156738
433,adamw,train,5.111708641052246
434,adamw,train,5.179166793823242
435,adamw,train,5.235089302062988
436,adamw,train,5.0713419914245605
437,adamw,train,5.211037635803223
438,adamw,train,4.955938339233398
439,adamw,train,5.141127586364746
440,adamw,train,5.276262283325195
441,adamw,train,5.14244270324707
442,adamw,train,5.173784255981445
443,adamw,train,5.21852970123291
444,adamw,train,5.123654365539551
445,adamw,train,5.258337020874023
446,adamw,train,5.054382801055908
447,adamw,train,5.171042442321777
448,adamw,train,5.026454925537109
449,adamw,train,5.028653144836426
450,adamw,validation,4.5974036931991575
450,adamw,train,5.061661720275879
451,adamw,train,5.162770748138428
452,adamw,train,5.166234493255615
453,adamw,train,5.00948429107666
454,adamw,train,5.17822790145874
455,adamw,train,5.138413429260254
456,adamw,train,5.040674209594727
457,adamw,train,5.254096031188965
458,adamw,train,5.085487365722656
459,adamw,train,5.078178882598877
460,adamw,train,5.125946998596191
461,adamw,train,5.285189628601074
462,adamw,train,5.17711067199707
463,adamw,train,5.039225101470947
464,adamw,train,5.104058265686035
465,adamw,train,5.150907516479492
466,adamw,train,5.121310710906982
467,adamw,train,5.131788730621338
468,adamw,train,5.037691116333008
469,adamw,train,5.089550018310547
470,adamw,train,5.225345134735107
471,adamw,train,5.171070098876953
472,adamw,train,5.036190032958984
473,adamw,train,5.0353593826293945
474,adamw,train,5.118271827697754
475,adamw,train,5.081206798553467
476,adamw,train,5.059140205383301
477,adamw,train,5.245779037475586
478,adamw,train,5.105170726776123
479,adamw,train,5.076491355895996
480,adamw,train,4.894717216491699
481,adamw,train,5.124483108520508
482,adamw,train,5.0318145751953125
483,adamw,train,5.302273750305176
484,adamw,train,5.215679168701172
485,adamw,train,4.988306999206543
486,adamw,train,5.137691497802734
487,adamw,train,5.019186019897461
488,adamw,train,5.103493690490723
489,adamw,train,4.9927496910095215
490,adamw,train,5.046113014221191
491,adamw,train,5.267744064331055
492,adamw,train,5.0248260498046875
493,adamw,train,5.12961483001709
494,adamw,train,5.031756401062012
495,adamw,train,5.111947059631348
496,adamw,train,5.090301513671875
497,adamw,train,5.005151748657227
498,adamw,train,5.2589874267578125
499,adamw,train,5.020768165588379
500,adamw,validation,4.55765061378479
500,adamw,train,5.205495834350586
501,adamw,train,4.909769535064697
502,adamw,train,5.064300537109375
503,adamw,train,5.154520034790039
504,adamw,train,4.964821815490723
505,adamw,train,5.270310401916504
506,adamw,train,5.0473785400390625
507,adamw,train,5.224068641662598
508,adamw,train,5.153371810913086
509,adamw,train,5.119683265686035
510,adamw,train,5.057333946228027
511,adamw,train,4.995431900024414
512,adamw,train,5.0958027839660645
513,adamw,train,5.1027398109436035
514,adamw,train,5.146452903747559
515,adamw,train,5.088702201843262
516,adamw,train,5.003906726837158
517,adamw,train,5.083791732788086
518,adamw,train,4.941944122314453
519,adamw,train,5.071151256561279
520,adamw,train,4.833325386047363
521,adamw,train,5.11184024810791
522,adamw,train,5.268928050994873
523,adamw,train,5.1776885986328125
524,adamw,train,5.114306449890137
525,adamw,train,5.042703151702881
526,adamw,train,5.127773761749268
527,adamw,train,4.95743465423584
528,adamw,train,5.315374851226807
529,adamw,train,5.125152587890625
530,adamw,train,5.071694374084473
531,adamw,train,5.037919998168945
532,adamw,train,5.161184310913086
533,adamw,train,4.948116302490234
534,adamw,train,4.9537787437438965
535,adamw,train,4.993619441986084
536,adamw,train,5.103209018707275
537,adamw,train,5.0234222412109375
538,adamw,train,5.138778209686279
539,adamw,train,5.079056739807129
540,adamw,train,5.00452995300293
541,adamw,train,5.040107250213623
542,adamw,train,4.99030065536499
543,adamw,train,5.159760475158691
544,adamw,train,5.194965362548828
545,adamw,train,5.144028186798096
546,adamw,train,4.984476089477539
547,adamw,train,4.970911026000977
548,adamw,train,5.033125877380371
549,adamw,train,4.984429359436035
550,adamw,validation,4.570127081871033
550,adamw,train,5.1401448249816895
551,adamw,train,4.87924861907959
552,adamw,train,4.925357818603516
553,adamw,train,5.052468776702881
554,adamw,train,4.9487175941467285
555,adamw,train,4.842341423034668
556,adamw,train,4.975978374481201
557,adamw,train,4.931118488311768
558,adamw,train,5.094569206237793
559,adamw,train,4.923792839050293
560,adamw,train,5.160434722900391
561,adamw,train,5.092741966247559
562,adamw,train,5.113697052001953
563,adamw,train,5.064239025115967
564,adamw,train,4.879330635070801
565,adamw,train,5.061729431152344
566,adamw,train,5.001932144165039
567,adamw,train,5.064367294311523
568,adamw,train,4.958787441253662
569,adamw,train,5.085078239440918
570,adamw,train,4.983364105224609
571,adamw,train,5.094102382659912
572,adamw,train,4.893366813659668
573,adamw,train,4.9790873527526855
574,adamw,train,4.996364593505859
575,adamw,train,4.952300548553467
576,adamw,train,4.927793502807617
577,adamw,train,5.164928913116455
578,adamw,train,4.920061111450195
579,adamw,train,5.154132843017578
580,adamw,train,4.747334003448486
581,adamw,train,4.980373859405518
582,adamw,train,4.956873416900635
583,adamw,train,4.894645690917969
584,adamw,train,5.001640319824219
585,adamw,train,4.880427360534668
586,adamw,train,4.9456892013549805
587,adamw,train,5.028255462646484
588,adamw,train,5.007726669311523
589,adamw,train,5.0146355628967285
590,adamw,train,4.9236602783203125
591,adamw,train,5.046664237976074
592,adamw,train,4.913325309753418
593,adamw,train,4.992663383483887
594,adamw,train,4.914255142211914
595,adamw,train,5.085696220397949
596,adamw,train,4.98136043548584
597,adamw,train,4.9930596351623535
598,adamw,train,5.013180732727051
599,adamw,train,4.96830415725708
600,adamw,validation,4.488144326210022
0,muon,validation,9.040623474121094
0,muon,train,9.032573699951172
1,muon,train,8.932886123657227
2,muon,train,8.859136581420898
3,muon,train,8.76108169555664
4,muon,train,8.70479679107666
5,muon,train,8.63231086730957
6,muon,train,8.586776733398438
7,muon,train,8.545391082763672
8,muon,train,8.477593421936035
9,muon,train,8.435283660888672
10,muon,train,8.423971176147461
11,muon,train,8.379646301269531
12,muon,train,8.336528778076172
13,muon,train,8.304760932922363
14,muon,train,8.293882369995117
15,muon,train,8.225191116333008
16,muon,train,8.191858291625977
17,muon,train,8.141047477722168
18,muon,train,8.133967399597168
19,muon,train,8.05267333984375
20,muon,train,8.054415702819824
21,muon,train,8.001359939575195
22,muon,train,7.996572971343994
23,muon,train,7.938124656677246
24,muon,train,7.889092922210693
25,muon,train,7.915522575378418
26,muon,train,7.874324798583984
27,muon,train,7.796917915344238
28,muon,train,7.781668663024902
29,muon,train,7.765542030334473
30,muon,train,7.7025885581970215
31,muon,train,7.674779891967773
32,muon,train,7.6528120040893555
33,muon,train,7.643149375915527
34,muon,train,7.5868682861328125
35,muon,train,7.556620121002197
36,muon,train,7.507562637329102
37,muon,train,7.484437465667725
38,muon,train,7.40987491607666
39,muon,train,7.346475601196289
40,muon,train,7.385671138763428
41,muon,train,7.319364547729492
42,muon,train,7.351813316345215
43,muon,train,7.310458183288574
44,muon,train,7.280313491821289
45,muon,train,7.2467942237854
46,muon,train,7.24070930480957
47,muon,train,7.181956768035889
48,muon,train,7.199869155883789
49,muon,train,7.15483283996582
50,muon,validation,6.815982437133789
50,muon,train,7.135528087615967
51,muon,train,7.0936503410339355
52,muon,train,7.003698348999023
53,muon,train,7.068007469177246
54,muon,train,6.983067512512207
55,muon,train,6.9830217361450195
56,muon,train,6.875929355621338
57,muon,train,6.904169082641602
58,muon,train,6.914594650268555
59,muon,train,6.848056793212891
60,muon,train,6.849406719207764
61,muon,train,6.756504535675049
62,muon,train,6.852211952209473
63,muon,train,6.821010112762451
64,muon,train,6.791837215423584
65,muon,train,6.701355934143066
66,muon,train,6.710643291473389
67,muon,train,6.721408843994141
68,muon,train,6.690883636474609
69,muon,train,6.704367160797119
70,muon,train,6.66921329498291
71,muon,train,6.562543869018555
72,muon,train,6.522815704345703
73,muon,train,6.622471809387207
74,muon,train,6.63034725189209
75,muon,train,6.556894779205322
76,muon,train,6.488597869873047
77,muon,train,6.435237407684326
78,muon,train,6.477365016937256
79,muon,train,6.48908805847168
80,muon,train,6.43753719329834
81,muon,train,6.402369499206543
82,muon,train,6.400787830352783
83,muon,train,6.368163585662842
84,muon,train,6.433673858642578
85,muon,train,6.309420585632324
86,muon,train,6.201742172241211
87,muon,train,6.310376167297363
88,muon,train,6.24953556060791
89,muon,train,6.259659290313721
90,muon,train,6.2791619300842285
91,muon,train,6.221192836761475
92,muon,train,6.107675552368164
93,muon,train,6.163315296173096
94,muon,train,6.103076934814453
95,muon,train,6.185539245605469
96,muon,train,6.275691986083984
97,muon,train,6.206790447235107
98,muon,train,6.14395809173584
99,muon,train,6.071167945861816
100,muon,validation,5.62130389213562
100,muon,train,6.187019348144531
101,muon,train,6.076626777648926
102,muon,train,6.0237274169921875
103,muon,train,5.996180534362793
104,muon,train,6.1147780418396
105,muon,train,6.084608554840088
106,muon,train,6.108938217163086
107,muon,train,6.115603446960449
108,muon,train,5.9970173835754395
109,muon,train,6.039799213409424
110,muon,train,6.034743309020996
111,muon,train,6.0025129318237305
112,muon,train,5.9727983474731445
113,muon,train,5.902809143066406
114,muon,train,6.139640808105469
115,muon,train,5.970722198486328
116,muon,train,5.975804328918457
117,muon,train,5.8632307052612305
118,muon,train,5.941465854644775
119,muon,train,5.892667770385742
120,muon,train,5.915200233459473
121,muon,train,5.78014612197876
122,muon,train,5.930471420288086
123,muon,train,5.862165927886963
124,muon,train,5.952578544616699
125,muon,train,5.785375595092773
126,muon,train,5.762950420379639
127,muon,train,5.874472618103027
128,muon,train,5.772396087646484
129,muon,train,5.893988609313965
130,muon,train,5.888051986694336
131,muon,train,5.924945831298828
132,muon,train,5.858719348907471
133,muon,train,6.0306596755981445
134,muon,train,5.74794340133667
135,muon,train,5.74912166595459
136,muon,train,5.908658504486084
137,muon,train,5.743529319763184
138,muon,train,5.824991703033447
139,muon,train,5.835083484649658
140,muon,train,5.874403953552246
141,muon,train,5.83140230178833
142,muon,train,5.772904396057129
143,muon,train,5.658634662628174
144,muon,train,5.8358635902404785
145,muon,train,5.877081871032715
146,muon,train,5.7906341552734375
147,muon,train,5.75499153137207
148,muon,train,5.809417247772217
149,muon,train,5.717095375061035
150,muon,validation,5.194809222221375
150,muon,train,5.812458515167236
151,muon,train,5.774113178253174
152,muon,train,5.703673839569092
153,muon,train,5.639067649841309
154,muon,train,5.667171001434326
155,muon,train,5.600917816162109
156,muon,train,5.897991180419922
157,muon,train,5.710891246795654
158,muon,train,5.894359111785889
159,muon,train,5.710544586181641
160,muon,train,5.655571460723877
161,muon,train,5.7276153564453125
162,muon,train,5.7343902587890625
163,muon,train,5.519244194030762
164,muon,train,5.802960395812988
165,muon,train,5.672694206237793
166,muon,train,5.681121349334717
167,muon,train,5.601836204528809
168,muon,train,5.718569755554199
169,muon,train,5.693005084991455
170,muon,train,5.644970893859863
171,muon,train,5.622069358825684
172,muon,train,5.768952369689941
173,muon,train,5.588754653930664
174,muon,train,5.59285831451416
175,muon,train,5.548560619354248
176,muon,train,5.753165245056152
177,muon,train,5.538222312927246
178,muon,train,5.581540107727051
179,muon,train,5.509334087371826
180,muon,train,5.609960556030273
181,muon,train,5.643344879150391
182,muon,train,5.635012149810791
183,muon,train,5.539306163787842
184,muon,train,5.753960609436035
185,muon,train,5.687424182891846
186,muon,train,5.616032600402832
187,muon,train,5.5474138259887695
188,muon,train,5.520602226257324
189,muon,train,5.598695278167725
190,muon,train,5.465579032897949
191,muon,train,5.5808563232421875
192,muon,train,5.541007995605469
193,muon,train,5.694388389587402
194,muon,train,5.689817905426025
195,muon,train,5.510103225708008
196,muon,train,5.694772720336914
197,muon,train,5.597599506378174
198,muon,train,5.539920806884766
199,muon,train,5.642310619354248
200,muon,validation,4.966266679763794
200,muon,train,5.60401725769043
201,muon,train,5.745731353759766
202,muon,train,5.566020965576172
203,muon,train,5.435557842254639
204,muon,train,5.492656707763672
205,muon,train,5.4337053298950195
206,muon,train,5.528124809265137
207,muon,train,5.565047740936279
208,muon,train,5.550570487976074
209,muon,train,5.494923114776611
210,muon,train,5.484947681427002
211,muon,train,5.5431928634643555
212,muon,train,5.300388336181641
213,muon,train,5.350804328918457
214,muon,train,5.513408660888672
215,muon,train,5.428463935852051
216,muon,train,5.404800891876221
217,muon,train,5.606307029724121
218,muon,train,5.397143363952637
219,muon,train,5.603204727172852
220,muon,train,5.457202434539795
221,muon,train,5.413987159729004
222,muon,train,5.441168785095215
223,muon,train,5.443843841552734
224,muon,train,5.568470478057861
225,muon,train,5.425054550170898
226,muon,train,5.563951015472412
227,muon,train,5.484123229980469
228,muon,train,5.427278995513916
229,muon,train,5.51762580871582
230,muon,train,5.567870140075684
231,muon,train,5.506850242614746
232,muon,train,5.578927993774414
233,muon,train,5.479478359222412
234,muon,train,5.432693004608154
235,muon,train,5.348637104034424
236,muon,train,5.377765655517578
237,muon,train,5.54655647277832
238,muon,train,5.514673709869385
239,muon,train,5.431281089782715
240,muon,train,5.422457695007324
241,muon,train,5.435066223144531
242,muon,train,5.434347152709961
243,muon,train,5.45158576965332
244,muon,train,5.552131652832031
245,muon,train,5.530513763427734
246,muon,train,5.386076927185059
247,muon,train,5.535739898681641
248,muon,train,5.282392978668213
249,muon,train,5.331252098083496
250,muon,validation,4.824404335021972
250,muon,train,5.421981334686279
251,muon,train,5.551413536071777
252,muon,train,5.438869476318359
253,muon,train,5.4166436195373535
254,muon,train,5.360445976257324
255,muon,train,5.314110279083252
256,muon,train,5.379940986633301
257,muon,train,5.325649261474609
258,muon,train,5.431280612945557
259,muon,train,5.509357929229736
260,muon,train,5.429692268371582
261,muon,train,5.383054256439209
262,muon,train,5.505995750427246
263,muon,train,5.376306533813477
264,muon,train,5.294218063354492
265,muon,train,5.433504104614258
266,muon,train,5.367359638214111
267,muon,train,5.358280181884766
268,muon,train,5.438606262207031
269,muon,train,5.292684555053711
270,muon,train,5.191057205200195
271,muon,train,5.3175506591796875
272,muon,train,5.289382457733154
273,muon,train,5.330029487609863
274,muon,train,5.376128196716309
275,muon,train,5.2395734786987305
276,muon,train,5.334849834442139
277,muon,train,5.374180793762207
278,muon,train,5.302682399749756
279,muon,train,5.3993730545043945
280,muon,train,5.374395370483398
281,muon,train,5.231056213378906
282,muon,train,5.3239898681640625
283,muon,train,5.271697521209717
284,muon,train,5.35139274597168
285,muon,train,5.345542907714844
286,muon,train,5.435214042663574
287,muon,train,5.365594863891602
288,muon,train,5.464306831359863
289,muon,train,5.286770820617676
290,muon,train,5.438488483428955
291,muon,train,5.236074447631836
292,muon,train,5.247156143188477
293,muon,train,5.370660781860352
294,muon,train,5.475141525268555
295,muon,train,5.464094161987305
296,muon,train,5.31757116317749
297,muon,train,5.457727432250977
298,muon,train,5.409947872161865
299,muon,train,5.308884620666504
300,muon,validation,4.703226566314697
300,muon,train,5.482583522796631
301,muon,train,5.422884464263916
302,muon,train,5.362646579742432
303,muon,train,5.3501176834106445
304,muon,train,5.046959400177002
305,muon,train,5.319736480712891
306,muon,train,5.248176574707031
307,muon,train,5.383060455322266
308,muon,train,5.063605785369873
309,muon,train,5.088410377502441
310,muon,train,5.24119234085083
311,muon,train,5.298044204711914
312,muon,train,5.2170281410217285
313,muon,train,5.384033679962158
314,muon,train,5.354764938354492
315,muon,train,5.20082950592041
316,muon,train,5.330825328826904
317,muon,train,5.069893836975098
318,muon,train,5.32326602935791
319,muon,train,5.284214496612549
320,muon,train,5.194046974182129
321,muon,train,5.267515182495117
322,muon,train,5.323984146118164
323,muon,train,5.336132049560547
324,muon,train,5.3147711753845215
325,muon,train,5.266750335693359
326,muon,train,5.265237331390381
327,muon,train,5.379220008850098
328,muon,train,5.349299430847168
329,muon,train,5.3896307945251465
330,muon,train,5.3692121505737305
331,muon,train,5.296258926391602
332,muon,train,5.226351261138916
333,muon,train,5.400514125823975
334,muon,train,5.0746259689331055
335,muon,train,5.165383338928223
336,muon,train,5.170036792755127
337,muon,train,5.140040874481201
338,muon,train,5.2147698402404785
339,muon,train,5.242786407470703
340,muon,train,5.234434127807617
341,muon,train,5.346909046173096
342,muon,train,5.249688625335693
343,muon,train,5.254391670227051
344,muon,train,5.197763442993164
345,muon,train,5.181665420532227
346,muon,train,5.092798709869385
347,muon,train,5.107815265655518
348,muon,train,5.130860328674316
349,muon,train,5.320126533508301
350,muon,validation,4.6447124004364015
350,muon,train,5.3069233894348145
351,muon,train,5.179717063903809
352,muon,train,5.227491855621338
353,muon,train,5.054134845733643
354,muon,train,5.251497268676758
355,muon,train,5.193243980407715
356,muon,train,5.106133460998535
357,muon,train,5.144293785095215
358,muon,train,5.390533924102783
359,muon,train,5.2224273681640625
360,muon,train,5.14077091217041
361,muon,train,5.161316871643066
362,muon,train,5.2649078369140625
363,muon,train,5.121685981750488
364,muon,train,5.331718444824219
365,muon,train,5.205318450927734
366,muon,train,5.1867570877075195
367,muon,train,5.060171127319336
368,muon,train,5.340629577636719
369,muon,train,5.164729118347168
370,muon,train,5.037430763244629
371,muon,train,5.308767318725586
372,muon,train,5.1152448654174805
373,muon,train,5.126430511474609
374,muon,train,5.171281337738037
375,muon,train,5.088066577911377
376,muon,train,5.226165771484375
377,muon,train,5.252767562866211
378,muon,train,5.242486000061035
379,muon,train,5.167533874511719
380,muon,train,5.156283855438232
381,muon,train,5.268497467041016
382,muon,train,5.060548782348633
383,muon,train,5.122781753540039
384,muon,train,5.068471908569336
385,muon,train,5.15946102142334
386,muon,train,5.190659523010254
387,muon,train,5.270558834075928
388,muon,train,5.2366485595703125
389,muon,train,5.13275146484375
390,muon,train,5.132480144500732
391,muon,train,5.183096885681152
392,muon,train,5.031828880310059
393,muon,train,5.196104049682617
394,muon,train,5.227035999298096
395,muon,train,5.018486976623535
396,muon,train,5.154153823852539
397,muon,train,5.220821380615234
398,muon,train,5.041647911071777
399,muon,train,5.2531633377075195
400,muon,validation,4.585449314117431
400,muon,train,5.05888557434082
401,muon,train,5.1560187339782715
402,muon,train,5.275644302368164
403,muon,train,5.156249046325684
404,muon,train,5.0627570152282715
405,muon,train,5.309597969055176
406,muon,train,5.11739444732666
407,muon,train,5.114438056945801
408,muon,train,5.204061031341553
409,muon,train,5.1963605880737305
410,muon,train,5.2873687744140625
411,muon,train,5.0422515869140625
412,muon,train,5.1366119384765625
413,muon,train,5.186513900756836
414,muon,train,5.237761497497559
415,muon,train,5.09736442565918
416,muon,train,5.084072113037109
417,muon,train,5.2669572830200195
418,muon,train,4.9903364181518555
419,muon,train,5.108750820159912
420,muon,train,5.259860038757324
421,muon,train,5.277645587921143
422,muon,train,5.059113025665283
423,muon,train,5.063950538635254
424,muon,train,5.097588062286377
425,muon,train,5.154046058654785
426,muon,train,5.074559211730957
427,muon,train,5.141786575317383
428,muon,train,5.223757743835449
429,muon,train,5.185729026794434
430,muon,train,5.047731876373291
431,muon,train,5.105429649353027
432,muon,train,5.144632816314697
433,muon,train,5.0904622077941895
434,muon,train,5.159502029418945
435,muon,train,5.21558141708374
436,muon,train,5.030073165893555
437,muon,train,5.18794584274292
438,muon,train,4.9452667236328125
439,muon,train,5.123088836669922
440,muon,train,5.276060104370117
441,muon,train,5.113819599151611
442,muon,train,5.1852569580078125
443,muon,train,5.217968940734863
444,muon,train,5.10970401763916
445,muon,train,5.247920989990234
446,muon,train,5.063948154449463
447,muon,train,5.173035621643066
448,muon,train,5.023787498474121
449,muon,train,4.985154151916504
450,muon,validation,4.582775044441223
450,muon,train,5.041759967803955
451,muon,train,5.1359429359436035
452,muon,train,5.1553120613098145
453,muon,train,4.997524261474609
454,muon,train,5.157827854156494
455,muon,train,5.110525608062744
456,muon,train,4.995604038238525
457,muon,train,5.284652233123779
458,muon,train,5.069645404815674
459,muon,train,5.0829548835754395
460,muon,train,5.134521484375
461,muon,train,5.276268005371094
462,muon,train,5.158876895904541
463,muon,train,5.021020889282227
464,muon,train,5.099086284637451
465,muon,train,5.140989780426025
466,muon,train,5.132596015930176
467,muon,train,5.135395526885986
468,muon,train,5.029290199279785
469,muon,train,5.062412261962891
470,muon,train,5.228326797485352
471,muon,train,5.1490373611450195
472,muon,train,5.032083511352539
473,muon,train,5.036400318145752
474,muon,train,5.122663497924805
475,muon,train,5.085548400878906
476,muon,train,5.0589118003845215
477,muon,train,5.239281177520752
478,muon,train,5.1091084480285645
479,muon,train,5.075414657592773
480,muon,train,4.868271827697754
481,muon,train,5.123167514801025
482,muon,train,5.030791282653809
483,muon,train,5.303160190582275
484,muon,train,5.206371784210205
485,muon,train,4.97266960144043
486,muon,train,5.129903793334961
487,muon,train,4.981767177581787
488,muon,train,5.101214408874512
489,muon,train,4.983249187469482
490,muon,train,5.05495548248291
491,muon,train,5.291257858276367
492,muon,train,4.998381614685059
493,muon,train,5.131213188171387
494,muon,train,5.0371832847595215
495,muon,train,5.099619388580322
496,muon,train,5.060088157653809
497,muon,train,4.997248649597168
498,muon,train,5.237737655639648
499,muon,train,5.0297746658325195
500,muon,validation,4.544715213775635
500,muon,train,5.223235130310059
501,muon,train,4.9336652755737305
502,muon,train,5.06854248046875
503,muon,train,5.142881393432617
504,muon,train,4.9571123123168945
505,muon,train,5.280484199523926
506,muon,train,5.066743850708008
507,muon,train,5.215719223022461
508,muon,train,5.139398574829102
509,muon,train,5.122256755828857
510,muon,train,5.055456161499023
511,muon,train,4.94492769241333
512,muon,train,5.1084418296813965
513,muon,train,5.107386589050293
514,muon,train,5.146817684173584
515,muon,train,5.107414722442627
516,muon,train,5.023061752319336
517,muon,train,5.086414337158203
518,muon,train,4.919322967529297
519,muon,train,5.063411712646484
520,muon,train,4.810173988342285
521,muon,train,5.114938259124756
522,muon,train,5.274176597595215
523,muon,train,5.171377182006836
524,muon,train,5.114880561828613
525,muon,train,5.030675888061523
526,muon,train,5.131251811981201
527,muon,train,4.973165512084961
528,muon,train,5.2899274826049805
529,muon,train,5.124622344970703
530,muon,train,5.0713043212890625
531,muon,train,5.051913738250732
532,muon,train,5.165822982788086
533,muon,train,4.925145149230957
534,muon,train,4.965033054351807
535,muon,train,5.006112575531006
536,muon,train,5.116265296936035
537,muon,train,5.015754699707031
538,muon,train,5.156055450439453
539,muon,train,5.05767822265625
540,muon,train,5.001664638519287
541,muon,train,5.052243232727051
542,muon,train,4.959495544433594
543,muon,train,5.168663024902344
544,muon,train,5.196105003356934
545,muon,train,5.156031131744385
546,muon,train,4.996804237365723
547,muon,train,4.990321159362793
548,muon,train,5.031553268432617
549,muon,train,4.991715908050537
550,muon,validation,4.506978356838227
550,muon,train,5.144461631774902
551,muon,train,4.8735456466674805
552,muon,train,4.910151481628418
553,muon,train,5.055118083953857
554,muon,train,4.937779426574707
555,muon,train,4.8599324226379395
556,muon,train,4.9736127853393555
557,muon,train,4.9192938804626465
558,muon,train,5.110158920288086
559,muon,train,4.945012092590332
560,muon,train,5.180075645446777
561,muon,train,5.107237815856934
562,muon,train,5.120628356933594
563,muon,train,5.0495991706848145
564,muon,train,4.875940322875977
565,muon,train,5.072210311889648
566,muon,train,4.999179840087891
567,muon,train,5.073997497558594
568,muon,train,4.981504440307617
569,muon,train,5.113616943359375
570,muon,train,4.988293647766113
571,muon,train,5.131721496582031
572,muon,train,4.902705192565918
573,muon,train,4.987584114074707
574,muon,train,5.002274036407471
575,muon,train,4.965482234954834
576,muon,train,4.952734470367432
577,muon,train,5.20704460144043
578,muon,train,4.957577705383301
579,muon,train,5.168868064880371
580,muon,train,4.751472473144531
581,muon,train,4.977362155914307
582,muon,train,4.987190246582031
583,muon,train,4.890406608581543
584,muon,train,5.036110877990723
585,muon,train,4.9135308265686035
586,muon,train,4.969478130340576
587,muon,train,5.045854568481445
588,muon,train,5.031713485717773
589,muon,train,5.0106048583984375
590,muon,train,4.946477890014648
591,muon,train,5.045155048370361
592,muon,train,4.918988227844238
593,muon,train,4.989989280700684
594,muon,train,4.9287848472595215
595,muon,train,5.0859808921813965
596,muon,train,4.983433723449707
597,muon,train,5.011199951171875
598,muon,train,5.026437759399414
599,muon,train,4.983726501464844
600,muon,validation,4.474869215488434
